id,vine.maturity,env
AF5033-13,4.174197684,Hancock15
AF5153-11,7.674197684,Hancock15
AF5281-4,4.174197684,Hancock15
AF5392-8,6.007531017,Hancock15
AF5393-1,8.007531017,Hancock15
AF5429-3,6.232770634,Hancock15
AF5432-5,6.174197684,Hancock15
AF5445-2,6.007531017,Hancock15
AF5446-11,8.174197684,Hancock15
AF5450-7,8.007531017,Hancock15
AF5484-3,7.007531017,Hancock15
AF5583-3,7.007531017,Hancock15
AFW5039-1,7.174197684,Hancock15
AFW5484-6,6.786817492,Hancock15
AFW5550-19,5.174197684,Hancock15
AFW5563-6,6.674197684,Hancock15
AOR09034-3,5.007531017,Hancock15
Atlantic,6.340864351,Hancock15
B2904-2,4.674197684,Hancock15
B2981-5,3.674197684,Hancock15
B3000-1,4.174197684,Hancock15
B3005-7,3.174197684,Hancock15
B3012-1,2.007531017,Hancock15
BNC366-1,5.674197684,Hancock15
BNC371-2,8.174197684,Hancock15
CO07070-10W,2.674197684,Hancock15
CO07070-13W,3.674197684,Hancock15
Hodag,7.286817492,Hancock15
Lamoka,6.340864351,Hancock15
Mackinaw,6.674197684,Hancock15
MSW168-2,9.683249867,Hancock15
MSX240-3,7.007531017,Hancock15
MSZ222-19,7.007531017,Hancock15
NC252-49,9.007531017,Hancock15
NC317-12,8.674197684,Hancock15
NC371-3,6.007531017,Hancock15
NY154,7.674197684,Hancock15
NY162,7.674197684,Hancock15
NY163,7.007531017,Hancock15
NYK27-3,7.174197684,Hancock15
NYK28-18,5.674197684,Hancock15
NYL17-3,6.007531017,Hancock15
NYL2-12,4.007531017,Hancock15
NYL8-12,9.007531017,Hancock15
Pike,7.674197684,Hancock15
Snowden,5.340864351,Hancock15
W10128-1,5.674197684,Hancock15
W10636-18,5.674197684,Hancock15
W10637-20,5.174197684,Hancock15
W10639-4,9.863494809,Hancock15
W10645-11,5.286817492,Hancock15
W10645-7,5.674197684,Hancock15
W10653-14,5.286817492,Hancock15
W10653-18,5.674197684,Hancock15
W10655-36,6.174197684,Hancock15
W10655-43,4.174197684,Hancock15
W10658-7,4.674197684,Hancock15
W10659-16,5.674197684,Hancock15
W10659-8,6.174197684,Hancock15
W12074-28,6.683249867,Hancock15
W12074-29,7.683249867,Hancock15
W12075-1,4.683249867,Hancock15
W12078-21,6.683249867,Hancock15
W12078-76,8.683249867,Hancock15
W12078-77,6.683249867,Hancock15
W12078-80,7.683249867,Hancock15
W12079-25,7.683249867,Hancock15
W12082-5,5.908489484,Hancock15
W12NYN25-1,7.683249867,Hancock15
W12NYN25-2,7.683249867,Hancock15
W12NYN39-2,6.683249867,Hancock15
W12NYN40-3,8.683249867,Hancock15
W8822-1,5.674197684,Hancock15
W9891-1,5.674197684,Hancock15
W9905-3,7.174197684,Hancock15
W9905-7,6.674197684,Hancock15
W9968-5,6.674197684,Hancock15
AC10239-7W,5.878444945,Hancock16
AF5393-1,3.983137962,Hancock16
AF5432-5,3.983137962,Hancock16
AF5445-2,3.483137962,Hancock16
AF5450-7,4.483137962,Hancock16
AF5484-3,3.983137962,Hancock16
AF5563-2,4.878444945,Hancock16
AF5583-3,5.535587802,Hancock16
AF5639-6,4.878444945,Hancock16
AF5648-3,5.878444945,Hancock16
AF5665-2,4.878444945,Hancock16
AF5677-6,4.878444945,Hancock16
AF5682-3,4.878444945,Hancock16
AF5682-5,1.878444945,Hancock16
AFC5551-4W,0.878444945,Hancock16
AFC5563-5W,3.878444945,Hancock16
AOR09034-3,2.983137962,Hancock16
AOR11484-2,1.878444945,Hancock16
Atlantic,3.309141576,Hancock16
B2904-2,4.983137962,Hancock16
B3012-1,1.878444945,Hancock16
B3153-3,3.878444945,Hancock16
B3155-3,3.983344625,Hancock16
B3159-7,3.878444945,Hancock16
B3165-11,0.878444945,Hancock16
B3172-12,3.878444945,Hancock16
B3172-3,0.878444945,Hancock16
B3172-8,3.088244305,Hancock16
BNC469-12,3.878444945,Hancock16
BNC469-16,3.878444945,Hancock16
BNC469-17,0.878444945,Hancock16
BNC469-7,5.878444945,Hancock16
BNC472-3,1.878444945,Hancock16
CO10030-3W,5.878444945,Hancock16
CO10073-7W,1.878444945,Hancock16
CO10076-4W,4.878444945,Hancock16
Hodag,5.604241896,Hancock16
Lamoka,4.951101448,Hancock16
MSV033-1,6.483137962,Hancock16
MSV434-04,3.088244305,Hancock16
MSV507-001,4.878444945,Hancock16
MSV507-003,3.878444945,Hancock16
MSV507-007,4.878444945,Hancock16
MSV507-073,3.878444945,Hancock16
MSV507-198,4.878444945,Hancock16
MSW324-1,6.088244305,Hancock16
MSW394-1,6.878444945,Hancock16
MSZ020-08,3.878444945,Hancock16
MSZ022-19,6.983344625,Hancock16
MSZ045-09,8.878444945,Hancock16
MSZ052-31,4.878444945,Hancock16
MSZ062-10,4.878444945,Hancock16
MSZ096-03,5.878444945,Hancock16
MSZ101-06,6.878444945,Hancock16
MSZ101-07,5.983344625,Hancock16
MSZ219-1,5.983137962,Hancock16
MSZ219-13,5.878444945,Hancock16
MSZ219-14,6.035587802,Hancock16
MSZ222-19,4.983137962,Hancock16
MSZ242-09,3.878444945,Hancock16
NC252-49,5.983137962,Hancock16
NC371-3,4.483137962,Hancock16
NC470-3,6.878444945,Hancock16
NC472-1,7.878444945,Hancock16
NC473-2,7.878444945,Hancock16
NCB3171-7,3.878444945,Hancock16
ND113307C-3,3.878444945,Hancock16
Nicolet,5.983137962,Hancock16
NY154,5.535587802,Hancock16
NY162,3.983137962,Hancock16
NY163,3.483137962,Hancock16
NY165,4.878444945,Hancock16
NYK27-3,5.035587802,Hancock16
NYL17-3,2.088037642,Hancock16
NYL2-12,1.983137962,Hancock16
NYL8-12,5.035587802,Hancock16
NYM7-4,4.878444945,Hancock16
NYM7-6,5.878444945,Hancock16
OR12479-5,5.878444945,Hancock16
OR9256-2,3.983137962,Hancock16
Pike,4.916815734,Hancock16
Pinnacle,5.192937322,Hancock16
Snowden,5.341302088,Hancock16
W10129-4,2.983137962,Hancock16
W10659-16,3.983137962,Hancock16
W10659-8,4.140487482,Hancock16
W12074-28,4.535587802,Hancock16
W12074-29,4.035587802,Hancock16
W12075-1,1.140487482,Hancock16
W12078-21,4.140487482,Hancock16
W12078-76,4.035587802,Hancock16
W12078-77,4.297837002,Hancock16
W12078-80,5.088037642,Hancock16
W12079-25,4.140487482,Hancock16
W12082-5,4.297837002,Hancock16
W12NYN25-1,2.140487482,Hancock16
W12NYN25-2,4.483137962,Hancock16
W12NYN39-2,4.745387162,Hancock16
W12NYN40-3,4.140487482,Hancock16
W13057-13,3.878444945,Hancock16
W13057-15,5.983344625,Hancock16
W13057-18,0.878444945,Hancock16
W13057-2,4.193143985,Hancock16
W13057-3,1.878444945,Hancock16
W13057-6,2.878444945,Hancock16
W13057-7,2.088244305,Hancock16
W13057-8,4.878444945,Hancock16
W13058-11,4.983344625,Hancock16
W13058-18,3.983344625,Hancock16
W13058-19,2.878444945,Hancock16
W13058-2,4.878444945,Hancock16
W13058-21,3.878444945,Hancock16
W13060-1,2.088244305,Hancock16
W13062-7,0.878444945,Hancock16
W13062-8,4.983344625,Hancock16
W13063-2,3.878444945,Hancock16
W13065-14,0.878444945,Hancock16
W13065-16,2.878444945,Hancock16
W13065-22,3.878444945,Hancock16
W13065-4,5.878444945,Hancock16
W13066-4,3.878444945,Hancock16
W13068-10,1.878444945,Hancock16
W13069-5,3.878444945,Hancock16
W13070-10,5.193143985,Hancock16
W13070-11,2.878444945,Hancock16
W13070-14,1.878444945,Hancock16
W13070-21,6.088244305,Hancock16
W13070-6,2.088244305,Hancock16
W13070-9,3.878444945,Hancock16
W13071-3,0.983344625,Hancock16
W13071-4,0.878444945,Hancock16
W13071-5,5.088244305,Hancock16
W13071-8,1.878444945,Hancock16
W13074-3,0.878444945,Hancock16
W13078-2,3.878444945,Hancock16
W13078-5,3.983344625,Hancock16
W13079-2,1.878444945,Hancock16
W13080-2,4.878444945,Hancock16
W13082-2,0.878444945,Hancock16
W13083-3,6.088244305,Hancock16
W13086-1,2.878444945,Hancock16
W13091-8,4.983344625,Hancock16
W13095-3,3.878444945,Hancock16
W13095-4,1.878444945,Hancock16
W13096-1,4.298043665,Hancock16
W13NYP102-7,5.878444945,Hancock16
W13NYP102-8,5.878444945,Hancock16
W13NYP106-1,5.878444945,Hancock16
W13NYP106-2,0.878444945,Hancock16
W13NYP106-5,3.878444945,Hancock16
W13NYP111-1,6.878444945,Hancock16
W13NYP111-4,3.878444945,Hancock16
W13NYP111-5,5.878444945,Hancock16
W13NYP112-1,3.878444945,Hancock16
W13NYP114-5,4.878444945,Hancock16
W13NYP117-2,3.983344625,Hancock16
W13NYP12-2,4.878444945,Hancock16
W13NYP18-1,2.878444945,Hancock16
W13NYP19-10,4.983344625,Hancock16
W13NYP19-2,2.983344625,Hancock16
W13NYP19-3,1.878444945,Hancock16
W13NYP21-1,3.878444945,Hancock16
W8822-1,4.640487482,Hancock16
W9891-1,5.588037642,Hancock16
W9905-3,4.983137962,Hancock16
W9968-5,5.483137962,Hancock16
WAF12065-8,5.878444945,Hancock16
AF5429-3,4.303192357,Hancock17
AF5484-3,5.803192357,Hancock17
AF5563-2,4.303192357,Hancock17
AF5563-5,4.335588417,Hancock17
AF5583-3,4.839585224,Hancock17
AF5648-3,4.803192357,Hancock17
AF5682-5,1.784995923,Hancock17
AF5801-1,6.234403429,Hancock17
AF5819-6,5.371981285,Hancock17
AF5825-3,4.270796296,Hancock17
AF5846-3,1.371981285,Hancock17
AF5846-4,4.270796296,Hancock17
AFC5687-2W,6.307189164,Hancock17
AOR09034-3,2.803192357,Hancock17
AOR11484-2,1.284995923,Hancock17
Atlantic,4.415323313,Hancock17
B2904-2,2.784995923,Hancock17
B3174-4,1.371981285,Hancock17
B3181-7,1.270796296,Hancock17
B3182-1,2.371981285,Hancock17
B3183-6,3.198010561,Hancock17
B3194-1,3.335588417,Hancock17
BNC537-5,1.335588417,Hancock17
BNC541-5,1.307189164,Hancock17
BNC544-2,1.153624079,Hancock17
BNC549-1,1.270796296,Hancock17
CO10073-7W,2.303192357,Hancock17
CO10076-4W,4.303192357,Hancock17
CO11023-2W,4.371981285,Hancock17
CO11023-9W,5.307189164,Hancock17
CO11037-5W,3.335588417,Hancock17
CO11048-8W,5.307189164,Hancock17
CO11074-1W,3.371981285,Hancock17
CO11087-1W,5.270796296,Hancock17
Hodag,4.986910568,Hancock17
Lamoka,3.986209019,Hancock17
MSAFB610-4,6.371981285,Hancock17
MSAFB611-5,4.270796296,Hancock17
MSAFB614-4,6.335588417,Hancock17
MSAFB614-6,6.198010561,Hancock17
MSAFB618-2,5.335588417,Hancock17
MSAFB618-3,6.161617694,Hancock17
MSAFB626-2,6.371981285,Hancock17
MSAFB626-5,4.307189164,Hancock17
MSAFB626-8,6.371981285,Hancock17
MSAFB635-3,4.307189164,Hancock17
MST437-1,6.307189164,Hancock17
MSV505-2,1.371981285,Hancock17
MSV507-001,5.29919555,Hancock17
MSV507-003,4.234403429,Hancock17
MSV507-012,5.371981285,Hancock17
MSV507-073,6.270796296,Hancock17
MSV507-128,5.234403429,Hancock17
MSW324-1,6.335588417,Hancock17
MSW501-2,4.335588417,Hancock17
MSX042-3,3.307189164,Hancock17
MSX111-3,6.371981285,Hancock17
MSX225-2,6.307189164,Hancock17
MSX277-1,3.371981285,Hancock17
MSX345-6Y,6.234403429,Hancock17
MSX526-1,3.29919555,Hancock17
MSX542-2,4.307189164,Hancock17
MSY041-1,4.307189164,Hancock17
MSY156-2,6.371981285,Hancock17
MSZ013-3,1.307189164,Hancock17
MSZ022-16,5.371981285,Hancock17
MSZ063-2,5.371981285,Hancock17
MSZ154-1,5.198010561,Hancock17
MSZ157-3,1.335588417,Hancock17
MSZ242-09,5.307189164,Hancock17
MSZ246-1,3.335588417,Hancock17
MSZ251-1,2.766799489,Hancock17
MSZ269-18,3.307189164,Hancock17
NC470-3,8.321388791,Hancock17
NC472-1,5.821388791,Hancock17
NC473-2,6.339585224,Hancock17
NCB3171-7,4.839585224,Hancock17
ND124C-1,3.307189164,Hancock17
NY163,3.803192357,Hancock17
NY165,4.284995923,Hancock17
NY168,4.307189164,Hancock17
NYL8-12,4.821388791,Hancock17
NYM15-3,2.307189164,Hancock17
NYM18-2,4.335588417,Hancock17
NYM7-4,5.821388791,Hancock17
NYN11-4,5.335588417,Hancock17
NYN24-2,5.270796296,Hancock17
NYN25-1,4.335588417,Hancock17
NYN44-7,4.190016947,Hancock17
NYN52-5,5.270796296,Hancock17
NYN6-2,6.270796296,Hancock17
Snowden,4.008044739,Hancock17
W10659-16,3.766799489,Hancock17
W12078-76,5.307189164,Hancock17
W12078-77,3.262802682,Hancock17
W12082-5,3.270796296,Hancock17
W12NYN25-1,4.335588417,Hancock17
W12NYN39-2,4.234403429,Hancock17
W12NYN40-3,4.371981285,Hancock17
W13057-2,2.122777273,Hancock17
W13057-3,2.159170141,Hancock17
W13058-19,2.649991538,Hancock17
W13058-2,0.5154987,Hancock17
W13058-21,2.686384406,Hancock17
W13069-5,3.122777273,Hancock17
W13070-10,4.406320097,Hancock17
W13070-21,2.5154987,Hancock17
W13071-3,0.049991538,Hancock17
W13071-4,1.686384406,Hancock17
W13078-5,1.195563009,Hancock17
W13080-2,5.406320097,Hancock17
W13083-3,3.36992723,Hancock17
W13086-1,2.159170141,Hancock17
W13091-8,3.588284435,Hancock17
W13NYP102-7,6.231955876,Hancock17
W13NYP102-8,2.049991538,Hancock17
W13NYP106-2,4.613598671,Hancock17
W13NYP117-2,3.588284435,Hancock17
W13NYP12-2,4.686384406,Hancock17
W13NYP19-10,7.649991538,Hancock17
W13NYP19-2,6.649991538,Hancock17
W14067-1,4.159170141,Hancock17
W14067-11,0.479105832,Hancock17
W14067-3,3.722777273,Hancock17
W14069-1,1.231955876,Hancock17
W14069-2,6.759170141,Hancock17
W14070-1,1.479105832,Hancock17
W14074-1,0.159170141,Hancock17
W14074-4,1.686384406,Hancock17
W14074-5,4.588284435,Hancock17
W14074-8,2.086384406,Hancock17
W14075-1,2.722777273,Hancock17
W14076-1,1.479105832,Hancock17
W14076-4,1.588284435,Hancock17
W14076-7,2.159170141,Hancock17
W14076-8,1.195563009,Hancock17
W14084-1,3.759170141,Hancock17
W14087-1,1.5154987,Hancock17
W14090-2,5.759170141,Hancock17
W14090-3,2.195563009,Hancock17
W14182-11,4.588284435,Hancock17
W14182-15,1.122777273,Hancock17
W14182-6,5.588284435,Hancock17
W14182-7,3.195563009,Hancock17
W14182-9,5.686384406,Hancock17
W14183-2,6.759170141,Hancock17
W14183-3,3.5154987,Hancock17
W14184-2,2.122777273,Hancock17
W14184-3,4.649991538,Hancock17
W14184-5,3.5154987,Hancock17
W14184-7,5.195563009,Hancock17
W14184-9,4.759170141,Hancock17
W14185-3,4.5154987,Hancock17
W14186-11,0.195563009,Hancock17
W14186-12,1.613598671,Hancock17
W14186-20,5.551891568,Hancock17
W14186-21,4.231955876,Hancock17
W14186-26,1.686384406,Hancock17
W14187-11,4.649991538,Hancock17
W14187-14,2.5154987,Hancock17
W14187-16,4.406320097,Hancock17
W14187-17,4.195563009,Hancock17
W14187-2,2.5154987,Hancock17
W14187-21,4.686384406,Hancock17
W14187-30,2.5154987,Hancock17
W14187-6,3.122777273,Hancock17
W14190-1,0.159170141,Hancock17
W14190-10,5.649991538,Hancock17
W14190-15,2.588284435,Hancock17
W14190-16,3.086384406,Hancock17
W14193-14,1.5154987,Hancock17
W14193-18,3.159170141,Hancock17
W14193-7,3.159170141,Hancock17
W14193-8,6.759170141,Hancock17
W14194-2,3.686384406,Hancock17
W14194-7,5.588284435,Hancock17
W14AF5919-2,4.159170141,Hancock17
W14AF5925-2,5.722777273,Hancock17
W14AF5934-2,5.551891568,Hancock17
W14AF5934-3,6.195563009,Hancock17
W14AF5934-4,3.649991538,Hancock17
W14AF5934-5,6.551891568,Hancock17
W14AF5938-11,2.722777273,Hancock17
W14AF5938-3,1.231955876,Hancock17
W14AF5945-5,4.36992723,Hancock17
W14AF5947-1,3.231955876,Hancock17
W14AF5947-2,1.759170141,Hancock17
W14AF5948-1,2.722777273,Hancock17
W14AF5949-2,1.551891568,Hancock17
W14AF5953-3,0.195563009,Hancock17
W14AF5954-2,6.759170141,Hancock17
W14AF5955-3,5.479105832,Hancock17
W14AF5955-5,2.231955876,Hancock17
W14AF5970-4,5.540812936,Hancock17
W14AF5971-3,0.5154987,Hancock17
W14AF5992-1,1.013598671,Hancock17
W14AF5995-2,6.551891568,Hancock17
W14AF5996-2,5.195563009,Hancock17
W14AF5997-1,6.759170141,Hancock17
W14AF6002-2,1.588284435,Hancock17
W14AF6003-1,3.588284435,Hancock17
W14AF6003-2,3.195563009,Hancock17
W14AF6018-1,5.122777273,Hancock17
W14AF6029-1,2.686384406,Hancock17
W14AF6037-1,5.086384406,Hancock17
W14AF6037-2,5.551891568,Hancock17
W14AF6037-5,1.231955876,Hancock17
W14NYQ102-6,3.551891568,Hancock17
W14NYQ102-9,4.231955876,Hancock17
W14NYQ104-4,5.686384406,Hancock17
W14NYQ104-5,1.442712965,Hancock17
W14NYQ17-1,5.588284435,Hancock17
W14NYQ19-4,2.086384406,Hancock17
W14NYQ22-5,4.649991538,Hancock17
W14NYQ23-11,5.195563009,Hancock17
W14NYQ23-13,3.722777273,Hancock17
W14NYQ23-6,5.588284435,Hancock17
W14NYQ28-3,5.333534362,Hancock17
W14NYQ29-5,5.195563009,Hancock17
W14NYQ29-6,6.649991538,Hancock17
W14NYQ29-7,2.588284435,Hancock17
W14NYQ3-1,4.722777273,Hancock17
W14NYQ30-5,3.195563009,Hancock17
W14NYQ30-6,5.722777273,Hancock17
W14NYQ30-8,3.551891568,Hancock17
W14NYQ34-2,4.159170141,Hancock17
W14NYQ38-14,4.086384406,Hancock17
W14NYQ38-17,2.722777273,Hancock17
W14NYQ38-2,2.649991538,Hancock17
W14NYQ38-8,2.406320097,Hancock17
W14NYQ4-1,4.588284435,Hancock17
W14NYQ4-3,2.8680272,Hancock17
W14NYQ4-4,5.686384406,Hancock17
W14NYQ4-5,5.551891568,Hancock17
W14NYQ5-5,4.577205803,Hancock17
W14NYQ6-3,4.159170141,Hancock17
W14NYQ7-1,6.722777273,Hancock17
W14NYQ7-2,6.406320097,Hancock17
W14NYQ7-5,3.231955876,Hancock17
W14NYQ8-18,3.231955876,Hancock17
W14NYQ8-2,4.577205803,Hancock17
W14NYQ8-4,6.442712965,Hancock17
W14NYQ9-2,6.722777273,Hancock17
W14NYQ9-3,6.5154987,Hancock17
W14NYQ9-4,1.159170141,Hancock17
W9968-5,5.144612994,Hancock17
WAF13066-2,3.270796296,Hancock17
WAF13076-2,1.371981285,Hancock17
A11516-1C,2.716178779,Hancock18
AF5563-2,2.901031909,Hancock18
AF5563-5,3.844183933,Hancock18
AF5677-4,3.716178779,Hancock18
AF5819-2,4.972189088,Hancock18
AF5825-3,3.716178779,Hancock18
AF5938-6,5.716178779,Hancock18
AF6027-2,2.716178779,Hancock18
AF6037-2,2.972189088,Hancock18
AF6037-3,3.988431367,Hancock18
AFC5687-2W,4.368547352,Hancock18
AOR09034-3,6.514727861,Hancock18
AOR12197-4,4.88478963,Hancock18
Atlantic,4.380765722,Hancock18
B2904-2,2.844183933,Hancock18
B3012-1,0.844183933,Hancock18
B3183-6,4.344183933,Hancock18
B3305-1,4.020915925,Hancock18
BNC544-2,1.344183933,Hancock18
CO10073-7W,3.344183933,Hancock18
CO10076-4W,3.344183933,Hancock18
CO11023-2W,5.89291077,Hancock18
CO11023-9W,6.748663336,Hancock18
CO11037-5W,5.344183933,Hancock18
COOR13428-1,2.069642761,Hancock18
Hodag,4.082648434,Hancock18
Lamoka,2.587262634,Hancock18
MSAA038-09Y,7.053400482,Hancock18
MSAA072-05,3.716178779,Hancock18
MSAA076-04,3.988431367,Hancock18
MSAA091-01,3.118369598,Hancock18
MSAA241-01,5.08588504,Hancock18
MSAA260-03,7.020915925,Hancock18
MSAA271-05,4.988431367,Hancock18
MSAA290-02,6.764905615,Hancock18
MSAA313-01,2.102127319,Hancock18
MSAA328-04,4.732421057,Hancock18
MSAA498-07,6.037158203,Hancock18
MSAA556-03Y,3.716178779,Hancock18
MSAA678-01,3.716178779,Hancock18
MSAA725-03,3.972189088,Hancock18
MSAFB605-4,4.716178779,Hancock18
MSAFB609-12,3.972189088,Hancock18
MSAFB609-5,3.972189088,Hancock18
MSAFB610-2,5.716178779,Hancock18
MSAFB610-4,5.716178779,Hancock18
MSAFB614-4,3.972189088,Hancock18
MSAFB614-6,4.781147894,Hancock18
MSAFB618-2,4.844183933,Hancock18
MSAFB618-3,5.344183933,Hancock18
MSAFB619-2,7.972189088,Hancock18
MSAFB626-8,4.972189088,Hancock18
MSAFB635-15,4.972189088,Hancock18
MSAFB635-3,2.716178779,Hancock18
MSV507-003,3.352305073,Hancock18
MSV507-012,3.38478963,Hancock18
MSX111-3,7.852305073,Hancock18
MSX225-2,4.417274188,Hancock18
MSY041-1,6.344183933,Hancock18
MSY156-2,6.876668491,Hancock18
MSZ022-16,5.368547352,Hancock18
MSZ242-09,5.344183933,Hancock18
MSZ246-1,5.88478963,Hancock18
NC470-3,5.925395327,Hancock18
NCB3171-7,3.368547352,Hancock18
ND113307C-3,3.716178779,Hancock18
NY165,4.344183933,Hancock18
NY166,3.716178779,Hancock18
NY168,5.972189088,Hancock18
NY169,1.716178779,Hancock18
NY170,5.972189088,Hancock18
NYN16-10,5.972189088,Hancock18
NYOR14Q9-5,6.167096434,Hancock18
NYOR14Q9-9,6.020915925,Hancock18
NYP103-1,5.972189088,Hancock18
NYP103-22,2.797390173,Hancock18
NYP108-6,3.020915925,Hancock18
NYP111-16,3.716178779,Hancock18
NYP114-1,7.004673646,Hancock18
NYP116-6,6.972189088,Hancock18
NYP118-6,2.732421057,Hancock18
NYP119-3,3.972189088,Hancock18
NYP19-2,3.972189088,Hancock18
Pike,6.852305073,Hancock18
Snowden,3.580765722,Hancock18
W12078-76,5.868547352,Hancock18
W13057-3,3.716178779,Hancock18
W13058-19,4.972189088,Hancock18
W13069-5,2.716178779,Hancock18
W13NYP19-2,4.716178779,Hancock18
W14084-1,1.907860628,Hancock18
W14183-2,2.649739489,Hancock18
W14184-5,3.657860628,Hancock18
W14184-7,4.907860628,Hancock18
W14186-21,2.649739489,Hancock18
W14187-2,2.674102907,Hancock18
W14187-21,3.907860628,Hancock18
W14190-15,1.665981768,Hancock18
W14AF5938-11,1.657860628,Hancock18
W14AF5949-2,3.907860628,Hancock18
W14AF5997-1,5.674102907,Hancock18
W14AF6003-2,5.924102907,Hancock18
W14AF6018-1,2.649739489,Hancock18
W14AF6037-5,2.657860628,Hancock18
W14NYQ104-4,6.690345186,Hancock18
W14NYQ23-11,4.665981768,Hancock18
W14NYQ28-3,6.649739489,Hancock18
W14NYQ29-5,3.907860628,Hancock18
W14NYQ29-6,3.706587465,Hancock18
W14NYQ3-1,1.907860628,Hancock18
W14NYQ38-14,5.649739489,Hancock18
W14NYQ38-8,5.924102907,Hancock18
W14NYQ4-1,3.649739489,Hancock18
W14NYQ4-5,5.674102907,Hancock18
W14NYQ9-2,4.907860628,Hancock18
W14NYQ9-3,5.674102907,Hancock18
W15116-1,4.657860628,Hancock18
W15116-4,2.907860628,Hancock18
W15116-8,2.649739489,Hancock18
W15117-6,4.649739489,Hancock18
W15118-3,3.649739489,Hancock18
W15119-1,3.657860628,Hancock18
W15119-15,2.907860628,Hancock18
W15119-24,3.657860628,Hancock18
W15120-4,1.907860628,Hancock18
W15121-4,3.649739489,Hancock18
W15121-5,1.907860628,Hancock18
W15121-6,1.907860628,Hancock18
W15121-8,3.907860628,Hancock18
W15121-9,1.657860628,Hancock18
W15122-5,4.907860628,Hancock18
W15122-6,2.755314301,Hancock18
W15122-7,3.657860628,Hancock18
W15125-10,1.649739489,Hancock18
W15125-12,3.907860628,Hancock18
W15125-2,3.907860628,Hancock18
W15125-4,4.657860628,Hancock18
W15125-5,2.907860628,Hancock18
W15126-2,3.907860628,Hancock18
W15126-3,3.747193162,Hancock18
W15126-9,4.657860628,Hancock18
W15130-6,0.940345186,Hancock18
W15137-1,4.657860628,Hancock18
W15138-3,2.649739489,Hancock18
W15142-6,3.665981768,Hancock18
W15142-8,1.657860628,Hancock18
W15144-19,3.657860628,Hancock18
W15144-21,4.657860628,Hancock18
W15144-23,2.649739489,Hancock18
W15144-32,5.77155658,Hancock18
W15144-6,3.907860628,Hancock18
W15144-9,4.698466325,Hancock18
W15145-6,1.665981768,Hancock18
W15147-19,3.690345186,Hancock18
W15149-1,1.649739489,Hancock18
W15149-2,0.649739489,Hancock18
W15149-6,2.907860628,Hancock18
W15149-7,4.722829744,Hancock18
W15149-8,5.005314301,Hancock18
W15150-12,4.924102907,Hancock18
W15150-3,2.907860628,Hancock18
W15151-1,3.649739489,Hancock18
W15151-2,3.657860628,Hancock18
W15151-6,3.649739489,Hancock18
W15151-9,2.907860628,Hancock18
W15152-2,4.907860628,Hancock18
W15156-1,5.657860628,Hancock18
W15156-2,1.907860628,Hancock18
W15158-14,2.649739489,Hancock18
W15158-15,6.070283416,Hancock18
W15158-21,2.682224047,Hancock18
W15160-8,3.657860628,Hancock18
W15161-2,2.649739489,Hancock18
W15161-8,3.747193162,Hancock18
W15162-2,1.657860628,Hancock18
W15162-4,3.657860628,Hancock18
W15164-2,3.682224047,Hancock18
W15165-1,5.907860628,Hancock18
W15165-15,4.907860628,Hancock18
W15165-16,1.649739489,Hancock18
W15165-3,2.649739489,Hancock18
W15167-1,2.657860628,Hancock18
W15168-3,2.747193162,Hancock18
W15169-2,3.649739489,Hancock18
W15170-10,1.657860628,Hancock18
W15170-3,4.657860628,Hancock18
W15174-1,3.940345186,Hancock18
W15180-10,3.649739489,Hancock18
W15180-12,4.665981768,Hancock18
W15183-1,2.649739489,Hancock18
W15184-2,2.657860628,Hancock18
W15184-22,2.649739489,Hancock18
W15184-23,3.649739489,Hancock18
W15184-27,3.657860628,Hancock18
W15184-4,1.907860628,Hancock18
W15184-6,4.657860628,Hancock18
W15184-8,2.657860628,Hancock18
W15190-6,4.907860628,Hancock18
W15193-1,2.940345186,Hancock18
W15194-4,2.907860628,Hancock18
W15194-7,2.657860628,Hancock18
W15198-1,0.649739489,Hancock18
W15199-2,2.649739489,Hancock18
W15200-3,3.956587465,Hancock18
W15200-7,4.070283416,Hancock18
W15200-8,1.763435441,Hancock18
W15202-4,3.657860628,Hancock18
W15204-8,1.907860628,Hancock18
W15204-9,4.657860628,Hancock18
W15205-2,3.924102907,Hancock18
W15209-4,1.907860628,Hancock18
W15211-7,1.714708604,Hancock18
W15212-11,2.649739489,Hancock18
W15212-5,4.690345186,Hancock18
W15214-1,1.907860628,Hancock18
W15214-2,5.657860628,Hancock18
W15214-3,4.657860628,Hancock18
W15218-1,5.763435441,Hancock18
W15220-1,3.924102907,Hancock18
W15225-1,5.907860628,Hancock18
W15225-4,0.649739489,Hancock18
W15AF6243-4,4.657860628,Hancock18
W15NYR10-3,2.924102907,Hancock18
W15NYR10-4,3.657860628,Hancock18
W15NYR10-5,4.706587465,Hancock18
W15NYR10-6,1.649739489,Hancock18
W15NYR10-7,5.924102907,Hancock18
W15NYR10-8,5.690345186,Hancock18
W15NYR11-11,6.657860628,Hancock18
W15NYR11-13,5.907860628,Hancock18
W15NYR11-8,5.657860628,Hancock18
W15NYR16-2,5.907860628,Hancock18
W15NYR19-1,0.649739489,Hancock18
W15NYR5-2,4.649739489,Hancock18
W15NYR5-3,2.907860628,Hancock18
W15NYR7-2,1.657860628,Hancock18
W15NYR9-3,1.649739489,Hancock18
W15NYR9-6,3.649739489,Hancock18
W15NYR9-8,6.940345186,Hancock18
W9968-5,6.344183933,Hancock18
WIA14067-1C,4.716178779,Hancock18
AC11453-7W,4.884488783,Hancock19
AC11494-6W,7.884488783,Hancock19
AF5933-4,2.884488783,Hancock19
AF5960-4,2.690900107,Hancock19
AF5973-3,6.03450266,Hancock19
AF5975-1,4.690900107,Hancock19
AF6024-1,3.690900107,Hancock19
AF6031-2,5.228091336,Hancock19
AF6034-1,4.884488783,Hancock19
AF6036-1,3.690900107,Hancock19
AF6188-9,5.03450266,Hancock19
AF6192-3,4.884488783,Hancock19
AF6200-4,5.690900107,Hancock19
AF6232-1,1.884488783,Hancock19
AF6241-4,7.57169389,Hancock19
AOR12197-4,6.190900107,Hancock19
Atlantic,5.934169604,Hancock19
B2904-2,4.287694445,Hancock19
B3306-2,3.884488783,Hancock19
B3317-1,3.884488783,Hancock19
BNC726-5,3.884488783,Hancock19
BNC742-2,1.690900107,Hancock19
CO12235-3W,3.884488783,Hancock19
CO12293-1W,5.690900107,Hancock19
CO12428-2W,4.884488783,Hancock19
COOR13270-2,4.459495721,Hancock19
Hodag,6.434169604,Hancock19
Lamoka,4.520070243,Hancock19
MSAA036-09,6.677508489,Hancock19
MSAA038-09Y,7.970389421,Hancock19
MSAA072-04,5.884488783,Hancock19
MSAA076-04,4.190900107,Hancock19
MSAA091-01,3.884488783,Hancock19
MSAA100-01,3.884488783,Hancock19
MSAA217-3,3.690900107,Hancock19
MSAA240-06,4.690900107,Hancock19
MSAA241-01,3.884488783,Hancock19
MSAA252-07,3.787694445,Hancock19
MSAA260-03,4.884488783,Hancock19
MSAA290-02,5.884488783,Hancock19
MSAA309-15,2.690900107,Hancock19
MSAA311-1,2.884488783,Hancock19
MSAA313-01,1.862701383,Hancock19
MSAA324-04,4.787694445,Hancock19
MSAA328-04,5.690900107,Hancock19
MSAA342-11Y,3.884488783,Hancock19
MSAA373-3,7.056290059,Hancock19
MSAA498-18,4.862701383,Hancock19
MSAA513-01,4.862701383,Hancock19
MSAA678-01,4.190900107,Hancock19
MSAFB605-4,6.959495721,Hancock19
MSAFB609-5,4.384488783,Hancock19
MSAFB635-15,5.142190698,Hancock19
MSAFB635-3,5.873595083,Hancock19
MSBB008-03,4.690900107,Hancock19
MSBB058-01,5.228091336,Hancock19
MSBB060-01,4.690900107,Hancock19
MSBB067-02,3.690900107,Hancock19
MSBB131-01,3.884488783,Hancock19
MSBB166-01,4.884488783,Hancock19
MSBB193-01,2.884488783,Hancock19
MSBB230-01,5.884488783,Hancock19
MSBB610-13,4.884488783,Hancock19
MSBB611-03,5.690900107,Hancock19
MSBB613-04,4.884488783,Hancock19
MSBB614-10,3.056290059,Hancock19
MSBB617-02,5.228091336,Hancock19
MSBB618-02,3.862701383,Hancock19
MSBB618-09,4.690900107,Hancock19
MSBB623-12,3.690900107,Hancock19
MSBB625-02,5.056290059,Hancock19
MSBB626-11,4.884488783,Hancock19
MSBB631-04,2.690900107,Hancock19
MSBB633-18,5.690900107,Hancock19
MSBB636-11,4.884488783,Hancock19
MSCC129-02,6.884488783,Hancock19
MSCC129-04,4.228091336,Hancock19
MSCC246-07,5.946104103,Hancock19
MSCC248-02,6.228091336,Hancock19
MSCC248-03,3.690900107,Hancock19
MSCC256-02,2.690900107,Hancock19
NC475-3,4.690900107,Hancock19
ND113307C-3,4.690900107,Hancock19
ND124C-1,3.884488783,Hancock19
ND13217C-1,6.884488783,Hancock19
ND13219C-4,3.690900107,Hancock19
ND13220C-3,4.884488783,Hancock19
ND13221C-3,2.884488783,Hancock19
NDAF14477C-2,3.884488783,Hancock19
NDAF14477C-7,4.056290059,Hancock19
NDTX12135-1W,5.03450266,Hancock19
NDTX14362AB-1W,5.884488783,Hancock19
NY166,4.190900107,Hancock19
NY168,5.787694445,Hancock19
NY169,5.373595083,Hancock19
NY170,5.384488783,Hancock19
NYOR14Q9-5,4.959495721,Hancock19
NYOR14Q9-9,5.459495721,Hancock19
NYORN6-8,4.690900107,Hancock19
NYORQ2-2,5.884488783,Hancock19
NYORQ6-3,5.884488783,Hancock19
NYORQ6-6,2.690900107,Hancock19
NYQ106-13,6.690900107,Hancock19
NYQ23-4,3.690900107,Hancock19
NYQ29-1,3.690900107,Hancock19
NYQ29-2,4.690900107,Hancock19
NYQ36-6,4.884488783,Hancock19
NYQ37-1,5.690900107,Hancock19
NYQ38-4,3.690900107,Hancock19
Pinnacle,4.580644764,Hancock19
Snowden,5.934169604,Hancock19
W12078-76,4.276800745,Hancock19
W14183-2,5.373595083,Hancock19
W14184-5,4.384488783,Hancock19
W14184-7,5.384488783,Hancock19
W14186-21,5.287694445,Hancock19
W14187-2,5.384488783,Hancock19
W14AF5949-2,3.884488783,Hancock19
W14AF6037-5,4.287694445,Hancock19
W14NYQ104-4,6.448602022,Hancock19
W14NYQ28-3,4.776800745,Hancock19
W14NYQ29-5,5.690900107,Hancock19
W14NYQ4-1,4.190900107,Hancock19
W14NYQ9-2,5.384488783,Hancock19
W15119-24,5.580644764,Hancock19
W15125-4,6.252446041,Hancock19
W15151-2,5.166545402,Hancock19
W15162-2,3.666545402,Hancock19
W15164-2,5.252446041,Hancock19
W15174-1,5.580644764,Hancock19
W15199-2,5.666545402,Hancock19
W15200-3,5.580644764,Hancock19
W15200-8,3.580644764,Hancock19
W15NYR11-11,5.666545402,Hancock19
W15NYR11-13,6.580644764,Hancock19
W15NYR11-8,6.080644764,Hancock19
W15NYR16-2,6.338346679,Hancock19
W15NYR5-2,4.080644764,Hancock19
W15NYR7-2,3.080644764,Hancock19
W15NYR9-6,5.752446041,Hancock19
W15NYR9-8,4.752446041,Hancock19
W16091-5,5.683267578,Hancock19
W16098-12,4.47802195,Hancock19
W16099-10,2.683267578,Hancock19
W16099-11,6.47802195,Hancock19
W16100-12,3.683267578,Hancock19
W16100-13,4.47802195,Hancock19
W16100-19,5.649823226,Hancock19
W16100-2,5.683267578,Hancock19
W16100-21,5.855068855,Hancock19
W16100-26,2.47802195,Hancock19
W16100-27,3.683267578,Hancock19
W16100-28,3.683267578,Hancock19
W16100-29,4.47802195,Hancock19
W16100-3,3.821624503,Hancock19
W16100-30,3.683267578,Hancock19
W16100-32,1.683267578,Hancock19
W16100-38,3.47802195,Hancock19
W16100-39,4.649823226,Hancock19
W16100-44,5.47802195,Hancock19
W16100-49,5.47802195,Hancock19
W16100-50,7.47802195,Hancock19
W16100-54,5.683267578,Hancock19
W16100-60,4.47802195,Hancock19
W16100-64,4.683267578,Hancock19
W16100-7,3.683267578,Hancock19
W16101-11,4.649823226,Hancock19
W16101-15,6.47802195,Hancock19
W16101-5,4.683267578,Hancock19
W16101-9,2.683267578,Hancock19
W16102-3,4.47802195,Hancock19
W16102-6,4.47802195,Hancock19
W16103-2,3.683267578,Hancock19
W16105-1,3.47802195,Hancock19
W16118-3,5.47802195,Hancock19
W16126-7,4.683267578,Hancock19
W16127-13,6.683267578,Hancock19
W16130-10,5.683267578,Hancock19
W16130-15,7.683267578,Hancock19
W16130-21,5.649823226,Hancock19
W16130-22,4.683267578,Hancock19
W16130-69,6.47802195,Hancock19
W16130-70,6.47802195,Hancock19
W16130-71,3.683267578,Hancock19
W16131-11,6.683267578,Hancock19
W16133-35,4.47802195,Hancock19
W16134-12,5.47802195,Hancock19
W16134-13,5.47802195,Hancock19
W16135-12,3.47802195,Hancock19
W16135-26,5.47802195,Hancock19
W16135-4,6.47802195,Hancock19
W16136-1,8.649823226,Hancock19
W16137-8,5.649823226,Hancock19
W16219-3,5.821624503,Hancock19
W16219-8,4.683267578,Hancock19
W16220-11,1.683267578,Hancock19
W16AF6537-3,4.855068855,Hancock19
W16NYS2-4,4.47802195,Hancock19
WAF14067-6,5.884488783,Hancock19
WAF15133-3,4.690900107,Hancock19
WAF15195-3,-0.137298617,Hancock19
A13125-3C,3.779042061,Hancock20
AF6165-9,4.391030601,Hancock20
AF6188-9,5.117370619,Hancock20
AF6197-8,2.980540628,Hancock20
AF6200-4,4.379791344,Hancock20
AF6200-7,4.980540628,Hancock20
AF6206-5,3.117370619,Hancock20
AF6236-7,5.980540628,Hancock20
AF6237-3,5.117370619,Hancock20
AF6253-1,3.980540628,Hancock20
AF6520-5,4.980540628,Hancock20
AF6522-1,4.117370619,Hancock20
AF6531-3,3.117370619,Hancock20
AF6542-1,5.25420061,Hancock20
AF6550-2,3.117370619,Hancock20
AF6551-1,2.980540628,Hancock20
AF6602-3,3.117370619,Hancock20
AF6603-5,6.980540628,Hancock20
AF6614-4,6.117370619,Hancock20
AF6616-1,5.980540628,Hancock20
AF6616-4,6.980540628,Hancock20
AOR12197-4,4.94820634,Hancock20
AOR13124-6,3.980540628,Hancock20
AOR13137-2,5.980540628,Hancock20
Atlantic,5.689654466,Hancock20
B2904-2,5.980540628,Hancock20
B3012-1,0.980540628,Hancock20
B3306-2,4.117370619,Hancock20
B3317-1,3.980540628,Hancock20
B3378-3,3.117370619,Hancock20
B3379-6,4.980540628,Hancock20
B3381-2,0.980540628,Hancock20
B3381-4,3.980540628,Hancock20
B3388-3,0.980540628,Hancock20
BNC549-1,2.980540628,Hancock20
BNC726-5,6.25420061,Hancock20
BNC742-2,2.117370619,Hancock20
BNC811-9,4.980540628,Hancock20
CO13232-11W,3.779042061,Hancock20
CO13232-25W,3.779042061,Hancock20
CO13232-5W,3.779042061,Hancock20
COOR13270-2,4.879791344,Hancock20
Hodag,7.144899452,Hancock20
Lamoka,4.223861963,Hancock20
MSAA076-6,5.189532034,Hancock20
MSAA085-1,6.779042061,Hancock20
MSAA100-1,2.779042061,Hancock20
MSAA217-3,3.94820634,Hancock20
MSAA498-18,4.44820634,Hancock20
MSAA513-01,4.790281317,Hancock20
MSAFB605-4,6.790281317,Hancock20
MSAFB609-12,4.516621335,Hancock20
MSAFB609-5,4.379791344,Hancock20
MSAFB635-15,5.379791344,Hancock20
MSAFB635-3,3.879791344,Hancock20
MSBB008-3,3.052702043,Hancock20
MSBB018-1,4.779042061,Hancock20
MSBB032-1,5.779042061,Hancock20
MSBB038-1,4.779042061,Hancock20
MSBB047-1,3.779042061,Hancock20
MSBB058-1,4.779042061,Hancock20
MSBB067-02,2.879791344,Hancock20
MSBB079-2,5.779042061,Hancock20
MSBB131-01,4.516621335,Hancock20
MSBB190-1,3.915872052,Hancock20
MSBB190-2,8.189532034,Hancock20
MSBB193-1,2.779042061,Hancock20
MSBB230-01,4.44820634,Hancock20
MSBB610-13,4.915872052,Hancock20
MSBB611-03,6.516621335,Hancock20
MSBB614-10,5.052702043,Hancock20
MSBB617-2,3.779042061,Hancock20
MSBB618-9,6.189532034,Hancock20
MSBB623-12,3.189532034,Hancock20
MSBB625-2,3.779042061,Hancock20
MSBB626-11,5.879791344,Hancock20
MSBB633-18,7.052702043,Hancock20
MSBB634-8,4.052702043,Hancock20
MSBB635-14,3.779042061,Hancock20
MSCC009-1,2.779042061,Hancock20
MSCC058-1,5.779042061,Hancock20
MSCC081-1,4.326362024,Hancock20
MSCC168-1,1.779042061,Hancock20
MSCC248-3,4.052702043,Hancock20
MSCC256-02,3.915872052,Hancock20
MSCC266-1,2.980540628,Hancock20
MSCC376-1,5.117370619,Hancock20
MSDD085-13,3.980540628,Hancock20
MSX194-3,3.25420061,Hancock20
MSX472-2,2.980540628,Hancock20
MSZ248-02,6.25420061,Hancock20
NC727-6,4.117370619,Hancock20
NC733-7,4.25420061,Hancock20
NC744-4,4.117370619,Hancock20
ND13220C-3,5.44820634,Hancock20
ND1336-5,1.980540628,Hancock20
NDOR13317CB-2,4.117370619,Hancock20
NDOR13320CAB-2,2.980540628,Hancock20
NDOR1480Y-3,4.117370619,Hancock20
NDTX1444-5W,2.779042061,Hancock20
NY166,5.379791344,Hancock20
NY169,4.379791344,Hancock20
NYOR14Q9-5,6.44820634,Hancock20
NYOR14Q9-9,6.153451326,Hancock20
NYQ106-13,5.879791344,Hancock20
NYQ29-1,3.379791344,Hancock20
NYQ38-4,7.879791344,Hancock20
NYR1-7,3.779042061,Hancock20
NYR10-4,3.779042061,Hancock20
NYR101-2,5.779042061,Hancock20
NYR101-7,5.779042061,Hancock20
NYR102-3,3.779042061,Hancock20
NYR102-7,4.915872052,Hancock20
NYR102-8,6.915872052,Hancock20
NYR105-11,4.779042061,Hancock20
NYR107-4,6.779042061,Hancock20
NYR107-6,6.779042061,Hancock20
NYR2-2,1.779042061,Hancock20
NYR3-5,5.779042061,Hancock20
NYR5-6,3.779042061,Hancock20
Pike,7.153451326,Hancock20
Snowden,4.939654466,Hancock20
TX12484-3WZC,1.779042061,Hancock20
W12078-76,6.379791344,Hancock20
W14184-5,5.585036331,Hancock20
W14187-2,3.516621335,Hancock20
W14NYQ29-5,3.379791344,Hancock20
W14NYQ4-1,5.016621335,Hancock20
W14NYQ9-2,6.879791344,Hancock20
W15125-4,4.879791344,Hancock20
W15200-3,3.879791344,Hancock20
W15NYR11-13,5.879791344,Hancock20
W15NYR11-8,5.516621335,Hancock20
W15NYR5-2,4.379791344,Hancock20
W16091-5,5.067932582,Hancock20
W16105-1,4.999517587,Hancock20
W16130-15,4.999517587,Hancock20
W16130-70,5.499517587,Hancock20
W16133-35,5.499517587,Hancock20
W16219-8,7.499517587,Hancock20
W16NYS2-4,5.525742519,Hancock20
W17037-1,4.011956677,Hancock20
W17037-10,4.987078496,Hancock20
W17037-11,6.671228451,Hancock20
W17037-12,5.987078496,Hancock20
W17037-13,5.397568469,Hancock20
W17037-15,5.397568469,Hancock20
W17037-16,4.987078496,Hancock20
W17037-17,5.123908487,Hancock20
W17037-18,6.011956677,Hancock20
W17037-19,4.011956677,Hancock20
W17037-2,4.011956677,Hancock20
W17037-20,4.987078496,Hancock20
W17037-21,4.011956677,Hancock20
W17037-22,5.987078496,Hancock20
W17037-24,3.987078496,Hancock20
W17037-26,4.987078496,Hancock20
W17037-28,4.011956677,Hancock20
W17037-3,5.011956677,Hancock20
W17037-34,5.260738478,Hancock20
W17037-35,4.987078496,Hancock20
W17037-40,4.987078496,Hancock20
W17037-41,5.987078496,Hancock20
W17037-43,3.987078496,Hancock20
W17037-45,2.987078496,Hancock20
W17037-49,3.987078496,Hancock20
W17037-5,5.987078496,Hancock20
W17037-55,5.011956677,Hancock20
W17037-57,4.011956677,Hancock20
W17037-6,4.987078496,Hancock20
W17037-62,5.011956677,Hancock20
W17037-65,5.011956677,Hancock20
W17037-68,4.123908487,Hancock20
W17037-7,5.011956677,Hancock20
W17037-73,3.987078496,Hancock20
W17037-75,6.011956677,Hancock20
W17037-77,5.011956677,Hancock20
W17037-8,4.987078496,Hancock20
W17037-87,5.011956677,Hancock20
W17037-89,5.011956677,Hancock20
W17038-4,5.987078496,Hancock20
W17039-1,3.987078496,Hancock20
W17039-10,6.011956677,Hancock20
W17039-11,3.987078496,Hancock20
W17039-12,6.011956677,Hancock20
W17039-13,6.011956677,Hancock20
W17039-14,4.011956677,Hancock20
W17039-15,3.987078496,Hancock20
W17039-16,5.011956677,Hancock20
W17039-17,4.987078496,Hancock20
W17039-18,3.987078496,Hancock20
W17039-19,5.011956677,Hancock20
W17039-2,3.987078496,Hancock20
W17039-20,3.148786668,Hancock20
W17039-21,4.011956677,Hancock20
W17039-23,6.011956677,Hancock20
W17039-24,7.011956677,Hancock20
W17039-26,4.011956677,Hancock20
W17039-27,4.011956677,Hancock20
W17039-28,6.011956677,Hancock20
W17039-29,6.011956677,Hancock20
W17039-3,6.011956677,Hancock20
W17039-30,5.987078496,Hancock20
W17039-31,7.011956677,Hancock20
W17039-4,3.987078496,Hancock20
W17039-44,3.987078496,Hancock20
W17039-49,4.987078496,Hancock20
W17039-5,4.987078496,Hancock20
W17039-6,5.011956677,Hancock20
W17039-65,4.123908487,Hancock20
W17039-68,4.987078496,Hancock20
W17039-69,6.123908487,Hancock20
W17039-7,3.987078496,Hancock20
W17039-73,4.011956677,Hancock20
W17039-8,3.987078496,Hancock20
W17039-9,5.011956677,Hancock20
W17040-3,4.987078496,Hancock20
W17041-3,4.011956677,Hancock20
W17042-3,6.285616659,Hancock20
W17042-4,5.011956677,Hancock20
W17042-5,5.011956677,Hancock20
W17042-7,5.123908487,Hancock20
W17042-8,6.011956677,Hancock20
W17043-1,4.148786668,Hancock20
W17043-21,6.011956677,Hancock20
W17043-31,6.011956677,Hancock20
W17043-37,3.987078496,Hancock20
W17043-9,4.987078496,Hancock20
W17044-12,4.987078496,Hancock20
W17044-13,5.011956677,Hancock20
W17044-14,5.011956677,Hancock20
W17044-15,5.987078496,Hancock20
W17044-2,3.987078496,Hancock20
W17044-24,4.987078496,Hancock20
W17044-25,4.987078496,Hancock20
W17044-5,5.011956677,Hancock20
W17044-6,5.987078496,Hancock20
W17044-9,3.987078496,Hancock20
W17045-4,5.987078496,Hancock20
W17046-2,4.011956677,Hancock20
W17046-3,5.011956677,Hancock20
W17047-10,5.011956677,Hancock20
W17047-11,5.011956677,Hancock20
W17047-15,5.987078496,Hancock20
W17047-16,6.011956677,Hancock20
W17047-5,4.260738478,Hancock20
W17047-6,6.011956677,Hancock20
W17049-10,4.987078496,Hancock20
W17050-6,6.260738478,Hancock20
W17050-7,3.987078496,Hancock20
W17051-17,6.011956677,Hancock20
W17051-9,5.987078496,Hancock20
W17052-15,5.123908487,Hancock20
W17052-18,6.011956677,Hancock20
W17053-14,5.011956677,Hancock20
W17053-18,5.011956677,Hancock20
W17055-4,4.987078496,Hancock20
W17056-5,4.011956677,Hancock20
W17056-8,6.123908487,Hancock20
W17057-16,5.011956677,Hancock20
W17057-28,4.011956677,Hancock20
W17057-3,4.011956677,Hancock20
W17057-44,3.987078496,Hancock20
W17057-5,4.987078496,Hancock20
W17057-8,6.011956677,Hancock20
W17058-5,5.148786668,Hancock20
W17060-22,5.011956677,Hancock20
W17060-24,6.123908487,Hancock20
W17060-27,6.987078496,Hancock20
W17060-30,5.011956677,Hancock20
W17060-9,6.011956677,Hancock20
W17062-1,5.011956677,Hancock20
W17062-10,4.011956677,Hancock20
W17062-11,5.260738478,Hancock20
W17062-17,4.011956677,Hancock20
W17062-21,6.011956677,Hancock20
W17062-22,2.987078496,Hancock20
W17062-26,5.011956677,Hancock20
W17062-6,4.011956677,Hancock20
W17063-8,5.011956677,Hancock20
W17064-10,5.011956677,Hancock20
W17064-19,5.987078496,Hancock20
W17064-20,7.011956677,Hancock20
W17064-22,4.148786668,Hancock20
W17064-25,3.987078496,Hancock20
W17064-27,4.011956677,Hancock20
W17064-7,2.987078496,Hancock20
W17064-8,6.011956677,Hancock20
W17065-11,7.011956677,Hancock20
W17065-20,5.011956677,Hancock20
W17065-21,6.123908487,Hancock20
W17065-8,6.011956677,Hancock20
W17066-1,4.987078496,Hancock20
W17066-11,5.987078496,Hancock20
W17066-22,5.987078496,Hancock20
W17066-26,5.011956677,Hancock20
W17066-30,5.011956677,Hancock20
W17066-34,6.123908487,Hancock20
W17066-9,5.148786668,Hancock20
W17067-1,5.987078496,Hancock20
W17067-13,3.987078496,Hancock20
W17067-27,7.123908487,Hancock20
W17067-7,4.987078496,Hancock20
W17AF6654-13,4.987078496,Hancock20
W17AF6654-15,5.011956677,Hancock20
W17AF6670-1,6.011956677,Hancock20
W17AF6677-8,3.987078496,Hancock20
W17AF6678-7,4.987078496,Hancock20
W17AF6684-10,3.987078496,Hancock20
W17AF6685-2,4.987078496,Hancock20
W17AF6686-6,5.285616659,Hancock20
WAF15133-3,3.980540628,Hancock20
WAF15184-4,3.980540628,Hancock20
WAF15204-4,7.25420061,Hancock20
WAF15221-2,6.980540628,Hancock20